Year,Month,Day,Open,High,Low,Close,Volume,Adj Close
2001,8,1,121.97,122.7,121.55,122.11000061035156,11940800,82.37483978271484
2001,8,2,123.23,123.25,121.89,122.61000061035156,11070100,82.71215057373047
2001,8,3,122.36,122.36,120.9,121.94000244140625,10816300,82.26016235351562
2001,8,6,121.35,121.51,120.1,120.30000305175781,8550100,81.15383911132812
2001,8,7,120.27,121.2,119.91,120.7699966430664,8865100,81.47087860107422
2001,8,8,120.12,121.16,118.43,118.52999877929688,15183800,79.95977020263672
2001,8,9,118.7,118.97,117.86,118.87999725341797,14118500,80.19589233398438
2001,8,10,118.8,119.84,117.34,119.29000091552734,11173300,80.47251892089844
2001,8,13,119.6,119.85,118.81,119.31999969482422,7431600,80.49270629882812
2001,8,14,120.14,120.35,118.8,119.2699966430664,13178100,80.45903015136719
2001,8,15,119.23,119.61,118.08,118.23999786376953,8520600,79.76416015625
2001,8,16,117.8,118.75,117.0,118.6500015258789,10734700,80.04075622558594
2001,8,17,117.65,117.87,116.01,116.75,11604600,78.75898742675781
2001,8,20,116.8,117.9,116.55,117.83000183105469,10417400,79.48755645751953
2001,8,21,117.8,118.54,115.8,115.81999969482422,14480800,78.13162994384766
2001,8,22,116.75,117.43,115.78,117.0199966430664,11752300,78.94115447998047
2001,8,23,116.96,117.52,116.49,116.5999984741211,8744100,78.65784454345703
2001,8,24,117.21,119.13,116.74,119.0199966430664,11687700,80.29031372070312
2001,8,27,118.97,119.2,118.26,118.30999755859375,7425100,79.81140899658203
2001,8,28,118.28,118.49,116.58,116.58000183105469,12046600,78.64435577392578
2001,8,29,117.13,117.18,115.17,115.54000091552734,16180000,77.9427490234375
2001,8,30,114.85,115.74,112.04,113.31999969482422,17692600,76.44513702392578
2001,8,31,113.4,114.77,113.13,114.1500015258789,15985400,77.00509643554688
2001,9,4,113.85,116.17,113.37,113.41999816894531,24473400,76.51261901855469
2001,9,5,113.7,114.19,111.95,113.69999694824219,21477100,76.70149230957031
2001,9,6,112.65,113.3,110.77,110.7699966430664,21653000,74.72493743896484
2001,9,7,110.02,111.25,108.63,108.72000122070312,33133900,73.3420181274414
2001,9,10,107.7,110.35,107.7,110.05000305175781,23408700,74.23921203613281
2001,9,17,101.0,106.4,100.0,104.30000305175781,32388700,70.36027526855469
2001,9,18,104.33,105.3,103.36,104.05000305175781,22029200,70.19165802001953
2001,9,19,104.1,104.5,98.56,101.94999694824219,42771800,68.77501678466797
2001,9,20,100.4,101.81,98.56,98.70999908447266,36210900,66.58934783935547
2001,9,21,94.28,98.99,93.8,97.27999877929688,49782100,65.87090301513672
2001,9,24,99.72,101.16,99.06,100.69999694824219,25549600,68.18667602539062
2001,9,25,100.75,102.0,99.9,101.75,25466200,68.89764404296875
2001,9,26,102.35,102.4,100.43,101.38999938964844,18587500,68.65387725830078
2001,9,27,101.25,102.29,100.0,102.2699966430664,20536800,69.2497329711914
2001,9,28,102.98,109.62,102.5,104.44000244140625,21687200,70.7190933227539
2001,10,1,103.9,104.32,102.83,104.2699966430664,20457400,70.60400390625
2001,10,2,104.0,105.58,103.65,105.58000183105469,19833100,71.49102020263672
2001,10,3,104.6,107.88,104.35,107.3499984741211,32045800,72.68956756591797
2001,10,4,108.29,108.97,106.75,107.44000244140625,32674100,72.75051879882812
2001,10,5,107.25,107.62,105.52,107.2300033569336,29796100,72.60831451416016
2001,10,8,106.27,107.3,105.87,106.52999877929688,12970300,72.13433837890625
2001,10,9,106.61,106.75,105.6,105.95999908447266,15976300,71.74834442138672
2001,10,10,105.8,108.55,105.52,108.31999969482422,19987400,73.34635925292969
2001,10,11,108.95,110.3,108.95,110.0,23006300,74.48395538330078
2001,10,12,109.15,109.89,107.3,109.5,31360500,74.1453857421875
2001,10,15,108.63,109.45,108.06,109.30000305175781,16873000,74.00990295410156
2001,10,16,109.8,110.61,108.95,109.98999786376953,15877100,74.47718048095703
2001,10,17,111.07,111.15,107.65,107.6500015258789,28542300,72.89268493652344
2001,10,18,107.82,108.16,106.75,107.41999816894531,16510000,72.7369613647461
2001,10,19,107.0,107.91,106.01,107.3499984741211,21912500,72.68956756591797
2001,10,22,107.3,109.57,107.21,109.47000122070312,17540600,74.12505340576172
2001,10,23,109.96,110.28,108.38,108.91000366210938,22062500,73.74588012695312
2001,10,24,108.98,109.45,108.22,108.62000274658203,16065200,73.54948425292969
2001,10,25,107.45,110.6,106.74,110.56999969482422,27467900,74.86993408203125
2001,10,26,109.95,111.79,109.67,110.31999969482422,18623300,74.7005844116211
2001,10,29,110.16,110.55,107.45,107.44999694824219,18727500,72.75727081298828
2001,10,30,107.35,107.7,105.56,106.16000366210938,26178600,71.8837890625
2001,10,31,106.9,107.86,105.8,105.80000305175781,28124200,71.63999938964844
2001,11,1,106.6,109.01,105.7,108.51000213623047,29806800,73.47503662109375
2001,11,2,108.44,109.38,107.87,109.25,17575900,73.97605895996094
2001,11,5,110.12,111.09,109.95,110.68000030517578,15929500,74.94439697265625
2001,11,6,110.35,112.48,109.85,112.4000015258789,23245800,76.10901641845703
2001,11,7,111.77,113.12,111.64,112.25,19716000,76.00741577148438
2001,11,8,112.87,114.08,111.9,112.5999984741211,22563500,76.24445343017578
2001,11,9,112.25,112.96,111.44,112.72000122070312,15895800,76.32572174072266
2001,11,12,111.0,112.65,110.0,112.02999877929688,26068800,75.8584976196289
2001,11,13,113.44,114.55,113.18,114.55000305175781,15296200,77.56483459472656
2001,11,14,115.17,115.4,113.71,114.66000366210938,17571300,77.63932037353516
2001,11,15,114.37,115.18,113.93,114.87000274658203,19470200,77.78152465820312
2001,11,16,115.08,115.1,113.4,114.36000061035156,18134900,77.43621063232422
2001,11,19,114.92,115.85,114.45,115.7699966430664,13625400,78.39096069335938
2001,11,20,115.37,115.8,114.64,114.80000305175781,16209700,77.73410034179688
2001,11,21,114.5,114.67,113.51,114.04000091552734,11470200,77.21953582763672
2001,11,23,114.04,115.75,114.0,115.68000030517578,6717100,78.33002471923828
2001,11,26,115.75,116.34,115.07,115.93000030517578,13726000,78.4992904663086
2001,11,27,115.62,116.9,114.09,115.43000030517578,19261400,78.1607437133789
2001,11,28,114.74,115.17,113.25,113.33999633789062,20195500,76.74549865722656
2001,11,29,113.66,114.92,113.0,114.87000274658203,16354700,77.78152465820312
2001,11,30,114.4,114.91,114.02,114.05000305175781,13680300,77.22628784179688
2001,12,3,113.65,114.08,113.01,113.37000274658203,15220400,76.76585388183594
2001,12,4,113.92,115.3,113.35,115.29000091552734,17239900,78.06593322753906
2001,12,5,115.61,118.0,115.56,117.4000015258789,25204000,79.49467468261719
2001,12,6,117.34,117.94,116.93,117.33999633789062,17972900,79.45404815673828
2001,12,7,116.9,117.09,115.7,116.55999755859375,18857800,78.9258804321289
2001,12,10,115.85,116.39,114.35,114.37999725341797,13862700,77.44975280761719
2001,12,11,114.9,115.72,113.9,114.1500015258789,20833300,77.29402923583984
2001,12,12,114.55,114.78,113.11,114.27999877929688,16171500,77.38204956054688
2001,12,13,113.45,113.7,112.04,112.05999755859375,19026700,75.87881469726562
2001,12,14,112.33,113.49,112.0,113.12999725341797,16721900,76.60334777832031
2001,12,17,112.99,114.36,112.9,114.30000305175781,13925900,77.39558410644531
2001,12,18,114.63,115.15,114.34,114.9800033569336,13663700,77.85601043701172
2001,12,19,114.09,115.92,114.0,115.79000091552734,20143400,78.40447998046875
2001,12,20,115.5,115.8,114.55,114.6500015258789,14867900,77.63257598876953
2001,12,21,115.03,115.07,114.2,114.94999694824219,14037700,78.1034164428711
2001,12,24,114.83,115.04,114.61,114.7300033569336,5728800,77.95394134521484
2001,12,26,114.65,116.21,114.65,115.36000061035156,10304800,78.38197326660156
2001,12,27,115.3,116.08,115.25,116.05999755859375,9407300,78.85758972167969
2001,12,28,116.29,116.75,115.92,116.0,10593800,78.81685638427734
2001,12,31,116.15,116.39,114.23,114.30000305175781,14619500,77.6617660522461
2002,1,2,115.11,115.75,113.81,115.52999877929688,18651900,78.49751281738281
2002,1,3,115.65,116.95,115.54,116.83999633789062,15743000,79.38758850097656
2002,1,4,117.17,117.98,116.55,117.62000274658203,20140700,79.91754150390625
2002,1,7,117.7,117.99,116.56,116.79000091552734,13106500,79.3536148071289
2002,1,8,116.79,117.06,115.97,116.5199966430664,12683700,79.1701889038086
2002,1,9,116.68,117.78,115.34,115.56999969482422,16610300,78.52467346191406
2002,1,10,115.69,116.35,115.3,116.08000183105469,12823400,78.87122344970703
2002,1,11,116.21,116.28,114.7,114.94000244140625,13708400,78.09663391113281
2002,1,14,114.65,114.84,113.96,114.22000122070312,12301100,77.60745239257812
2002,1,15,114.55,115.39,113.9,115.1500015258789,20219900,78.23931121826172
2002,1,16,114.3,114.4,112.69,112.81999969482422,17067000,76.65617370605469
2002,1,17,113.76,114.24,113.4,113.66999816894531,17283400,77.23372650146484
2002,1,18,113.0,113.85,112.67,113.1500015258789,17028000,76.88040924072266
2002,1,22,113.75,113.93,112.02,112.37000274658203,11689300,76.35043334960938
2002,1,23,112.63,113.55,112.02,113.2300033569336,12438900,76.93476104736328
2002,1,24,113.64,114.25,113.32,113.58000183105469,12142800,77.17255401611328
2002,1,25,113.12,114.18,113.04,113.55000305175781,12810700,77.15221405029297
2002,1,28,113.9,114.19,112.92,113.86000061035156,10589200,77.36283874511719
2002,1,29,113.85,114.13,110.05,110.27999877929688,27720800,74.93034362792969
2002,1,30,110.39,113.39,108.4,111.87000274658203,34711800,76.0107192993164
2002,1,31,112.15,113.3,111.62,113.18000030517578,19909200,76.90078735351562
2002,2,1,113.09,113.3,112.17,112.6500015258789,15838500,76.54067993164062
2002,2,4,112.23,112.23,109.44,109.8499984741211,24243400,74.6382064819336
2002,2,5,109.4,110.49,108.53,109.16999816894531,33614000,74.17615509033203
2002,2,6,109.65,109.74,108.06,108.69999694824219,29486000,73.8568344116211
2002,2,7,108.72,109.86,108.0,108.0199966430664,23445400,73.39482879638672
2002,2,8,108.63,110.75,108.3,110.08999633789062,19277800,74.80128479003906
2002,2,11,110.05,111.64,109.82,111.44000244140625,18792400,75.7185287475586
2002,2,12,110.96,111.71,110.03,111.08999633789062,13942500,75.48074340820312
2002,2,13,111.48,112.54,111.35,112.2699966430664,16781100,76.282470703125
2002,2,14,112.51,112.97,111.59,112.05999755859375,20453800,76.13982391357422
2002,2,15,112.15,112.24,110.71,110.88999938964844,18366800,75.34483337402344
2002,2,19,110.15,110.29,108.61,108.76000213623047,15988100,73.8975830078125
2002,2,20,109.05,110.59,107.82,110.58999633789062,29242800,75.14098358154297
2002,2,21,109.93,110.63,108.26,108.30000305175781,26288600,73.58506774902344
2002,2,22,108.35,109.94,107.87,109.63999938964844,26572900,74.49549102783203
2002,2,25,109.74,111.81,109.7,111.44999694824219,17458700,75.72533416748047
2002,2,26,111.6,112.04,110.57,111.22000122070312,22346500,75.56908416748047
2002,2,27,111.96,112.86,110.65,111.6500015258789,28597900,75.8612289428711
2002,2,28,111.83,112.75,111.03,111.1500015258789,23755400,75.52152252197266
2002,3,1,111.72,113.85,111.51,113.73999786376953,26273600,77.28128814697266
2002,3,4,113.9,115.99,113.65,115.75,27184600,78.64696502685547
2002,3,5,115.33,116.4,114.97,115.37999725341797,22718900,78.39559936523438
2002,3,6,115.1,117.15,115.07,116.75,20143200,79.32646942138672
2002,3,7,117.36,117.5,115.57,116.5,19330800,79.15660858154297
2002,3,8,117.38,117.9,116.48,116.98999786376953,19930100,79.48949432373047
2002,3,11,116.89,117.9,116.43,117.23999786376953,15621800,79.65938568115234
2002,3,12,116.1,117.25,115.94,117.16999816894531,17153600,79.61181640625
2002,3,13,116.63,116.75,115.64,116.04000091552734,17175300,78.84404754638672
2002,3,14,116.04,116.43,115.63,115.87999725341797,11168100,78.73531341552734
2002,3,15,115.97,116.95,115.9,116.6500015258789,21220100,79.48552703857422
2002,3,18,117.1,117.56,116.1,116.66999816894531,17548900,79.49918365478516
2002,3,19,117.3,117.74,116.82,117.44999694824219,17912000,80.0306625366211
2002,3,20,116.5,116.58,115.19,115.23999786376953,17114500,78.52473449707031
2002,3,21,115.3,115.9,114.12,115.29000091552734,25846800,78.55887603759766
2002,3,22,115.5,115.94,114.7,115.04000091552734,15235400,78.38847351074219
2002,3,25,115.09,115.36,113.3,113.61000061035156,17499600,77.41407012939453
2002,3,26,113.52,115.02,113.47,114.2699966430664,19947600,77.86384582519531
2002,3,27,114.03,115.01,113.76,114.56999969482422,19020300,78.06822204589844
2002,3,28,114.97,115.77,114.5,114.5199966430664,17532900,78.03413391113281
2002,4,1,114.23,115.1,113.5,114.56999969482422,17711000,78.06822204589844
2002,4,2,113.98,114.95,113.77,113.94000244140625,15669500,77.63892364501953
2002,4,3,114.01,114.21,112.16,113.13999938964844,25658500,77.09384155273438
2002,4,4,112.6,113.4,112.23,112.66999816894531,23549000,76.7735595703125
2002,4,5,113.19,113.63,112.18,112.69000244140625,19404900,76.7872085571289
2002,4,8,111.32,113.03,111.23,112.93000030517578,16470100,76.95072174072266
2002,4,9,113.18,113.18,111.93,112.13999938964844,15122700,76.41242218017578
2002,4,10,112.1,113.54,112.09,113.41000366210938,17199300,77.27780151367188
2002,4,11,112.89,113.05,110.5,110.58999633789062,25453700,75.35623931884766
2002,4,12,111.02,111.65,110.04,111.41999816894531,14950600,75.92179107666016
2002,4,15,111.62,111.86,110.2,110.56999969482422,17394900,75.34263610839844
2002,4,16,111.7,113.32,111.67,113.19999694824219,15040900,77.13470458984375
2002,4,17,113.39,113.67,112.6,112.95999908447266,12920100,76.97113800048828
2002,4,18,112.9,113.46,111.15,112.47000122070312,25204800,76.6373062133789
2002,4,19,113.2,113.24,112.56,112.87999725341797,10499200,76.9166259765625
2002,4,22,112.38,112.43,110.84,111.0,13922900,75.63562774658203
2002,4,23,111.09,111.48,110.17,110.5199966430664,16967000,75.30858612060547
2002,4,24,110.56,111.81,109.4,109.41000366210938,18902700,74.55218505859375
2002,4,25,109.21,109.74,108.72,109.47000122070312,25451500,74.59307098388672
2002,4,26,109.79,110.01,107.29,107.38999938964844,19769800,73.17578125
2002,4,29,107.93,108.26,106.63,106.86000061035156,17724400,72.81462097167969
2002,4,30,107.02,108.64,106.64,107.86000061035156,19473500,73.49600982666016
2002,5,1,107.97,109.25,106.8,109.18000030517578,24575600,74.39547729492188
2002,5,2,109.1,109.91,107.78,108.76000213623047,15666800,74.1092758178711
2002,5,3,108.6,108.76,107.2,107.58000183105469,18185500,73.30520629882812
2002,5,6,107.64,107.99,105.31,105.47000122070312,23630400,71.86747741699219
2002,5,7,106.1,106.32,104.9,105.0999984741211,21910000,71.61536407470703
2002,5,8,107.05,109.36,106.79,109.01000213623047,27917400,74.27962493896484
2002,5,9,108.65,109.1,107.58,107.75,18085600,73.42106628417969
2002,5,10,107.97,108.05,105.6,105.72000122070312,18958900,72.0378189086914
2002,5,13,106.22,107.95,105.79,107.87000274658203,14677700,73.50281524658203
2002,5,14,109.62,110.37,109.0,110.22000122070312,34201200,75.10413360595703
2002,5,15,109.5,110.91,109.29,109.79000091552734,29535300,74.8111343383789
2002,5,16,109.7,110.48,109.33,110.36000061035156,28092000,75.19954681396484
2002,5,17,110.66,111.25,110.1,110.9000015258789,27823700,75.5674819946289
2002,5,20,110.64,110.69,109.49,109.69999694824219,13833800,74.74981689453125
2002,5,21,110.11,110.48,108.32,108.69999694824219,16877200,74.06841278076172
2002,5,22,108.22,109.12,108.0,108.94000244140625,15844200,74.23194122314453
2002,5,23,109.26,110.36,108.48,110.0999984741211,13879800,75.02237701416016
2002,5,24,109.98,110.2,108.61,108.69000244140625,11877000,74.06161499023438
2002,5,28,109.05,109.13,107.45,108.0999984741211,24236900,73.6595687866211
2002,5,29,107.62,108.02,107.13,107.30000305175781,14773300,73.11444091796875
2002,5,30,106.55,107.51,105.9,107.0,18217900,72.91004180908203
2002,5,31,107.4,108.56,106.85,107.22000122070312,19826300,73.05989837646484
2002,6,3,107.09,107.6,104.13,104.37000274658203,26056300,71.11792755126953
2002,6,4,104.15,105.2,103.55,104.62999725341797,25856200,71.29505920410156
2002,6,5,104.95,105.67,104.35,105.61000061035156,19695900,71.9628677368164
2002,6,6,105.54,105.6,103.15,103.45999908447266,22998500,70.49787902832031
2002,6,7,101.78,103.92,101.72,103.33999633789062,24011600,70.41610717773438
2002,6,10,103.24,104.46,103.02,103.73999786376953,18759900,70.68865203857422
2002,6,11,104.13,104.54,101.73,101.95999908447266,19990700,69.47573852539062
2002,6,12,101.71,102.81,100.78,102.58000183105469,31266000,69.89820098876953
2002,6,13,102.13,103.0,101.34,101.55000305175781,21043900,69.19640350341797
2002,6,14,100.31,101.56,98.5,101.4000015258789,39267500,69.09417724609375
2002,6,17,101.92,104.34,101.85,104.12000274658203,17647200,70.94759368896484
2002,6,18,103.74,105.03,103.63,104.97000122070312,21628500,71.52677917480469
2002,6,19,103.5,104.43,102.24,102.5199966430664,21540700,69.85731506347656
2002,6,20,102.26,103.05,100.96,101.20999908447266,25691000,68.96467590332031
2002,6,21,100.47,100.93,98.68,99.27999877929688,31190700,67.88634490966797
2002,6,24,98.61,100.69,97.25,99.80000305175781,37169700,68.2419662475586
2002,6,25,100.3,100.89,97.54,97.55999755859375,33355000,66.71024322509766
2002,6,26,95.2,98.15,95.19,97.72000122070312,37913600,66.81969451904297
2002,6,27,98.5,99.49,96.57,99.43000030517578,31616400,67.98894500732422
2002,6,28,99.24,100.5,98.88,98.95999908447266,28184200,67.66754150390625
2002,7,1,99.18,99.8,96.89,97.02999877929688,20270200,66.3478775024414
2002,7,2,96.86,97.2,94.77,94.97000122070312,34213900,64.93924713134766
2002,7,3,94.62,95.84,93.72,95.51000213623047,30565800,65.30850219726562
2002,7,5,96.78,99.53,96.66,99.30999755859375,19013500,67.90689086914062
2002,7,8,98.98,99.7,97.56,98.06999969482422,19118600,67.05896759033203
2002,7,9,97.73,98.34,95.01,95.5999984741211,28620400,65.37006378173828
2002,7,10,96.0,96.07,92.04,92.12000274658203,50522500,62.99047088623047
2002,7,11,91.76,93.35,90.32,92.87000274658203,59476500,63.5033073425293
2002,7,12,93.33,93.89,91.52,91.8499984741211,39018600,62.80584716796875
2002,7,15,91.64,92.4,87.89,92.33999633789062,77317200,63.14089584350586
2002,7,16,91.12,92.38,89.87,90.55999755859375,53282400,61.92375946044922
2002,7,17,92.46,93.3,89.75,90.73999786376953,48880600,62.04682922363281
2002,7,18,90.7,91.1,87.75,87.80000305175781,32656700,60.0364875793457
2002,7,19,86.76,87.55,84.3,84.70999908447266,77572600,57.92361831665039
2002,7,22,84.1,85.91,81.45,82.19999694824219,78134000,56.20728302001953
2002,7,23,82.55,83.24,79.75,79.94999694824219,74484100,54.66876983642578
2002,7,24,78.13,85.12,77.68,84.72000122070312,107022800,57.93043518066406
2002,7,25,84.27,85.85,81.6,84.0,87176600,57.43809127807617
2002,7,26,84.65,85.93,83.8,85.5999984741211,41206800,58.53217315673828
2002,7,29,87.5,90.34,87.3,89.7699966430664,53492900,61.38353729248047
2002,7,30,89.32,91.4,88.72,90.94000244140625,47532200,62.18356704711914
2002,7,31,90.49,91.55,89.25,91.16000366210938,44669900,62.33403015136719
2002,8,1,90.88,91.35,88.33,88.77999877929688,66571900,60.706607818603516
2002,8,2,88.5,88.91,85.62,86.79000091552734,51772900,59.34585189819336
2002,8,5,86.49,86.93,83.55,83.7699966430664,47191300,57.28083038330078
2002,8,6,85.23,87.9,85.11,86.58999633789062,64730000,59.20914840698242
2002,8,7,87.87,88.5,85.77,88.0999984741211,43289400,60.241641998291016
2002,8,8,88.42,91.1,87.8,90.94999694824219,48339800,62.19041442871094
2002,8,9,90.1,91.94,89.35,91.29000091552734,41879200,62.422889709472656
2002,8,12,89.99,91.27,89.55,90.62000274658203,25841700,61.96477508544922
2002,8,13,90.15,91.66,88.65,88.97000122070312,49690500,60.836517333984375
2002,8,14,89.02,92.63,88.02,92.22000122070312,57423600,63.058834075927734
2002,8,15,92.84,93.99,92.2,93.5,45551500,63.93405532836914
2002,8,16,92.82,94.08,92.0,93.22000122070312,36517300,63.74261474609375
2002,8,19,93.46,95.75,93.1,95.4000015258789,33669900,65.23326110839844
2002,8,20,94.82,95.4,93.62,94.38999938964844,30508300,64.54264831542969
2002,8,21,95.06,95.78,93.57,95.75,39628900,65.47258758544922
2002,8,22,95.49,97.15,95.07,96.68000030517578,38399800,66.1085433959961
2002,8,23,96.01,96.15,94.15,94.5999984741211,33716400,64.6862564086914
2002,8,26,94.91,95.64,93.5,95.26000213623047,33830100,65.1375503540039
2002,8,27,95.7,96.25,93.5,94.16000366210938,35335700,64.38538360595703
2002,8,28,93.28,93.49,91.8,92.0999984741211,38970600,62.976783752441406
2002,8,29,91.27,93.05,90.81,92.13999938964844,42965700,63.00410842895508
2002,8,30,91.68,93.39,91.4,91.77999877929688,30366700,62.757957458496094
2002,9,3,90.73,91.0,88.15,88.27999877929688,76586400,60.36470413208008
2002,9,4,88.61,90.25,88.06,89.54000091552734,51099500,61.22627258300781
2002,9,5,88.49,89.43,87.5,88.77999877929688,67250900,60.706607818603516
2002,9,6,89.75,90.57,89.34,90.0,38622200,61.540836334228516
2002,9,9,89.1,91.35,88.8,90.66000366210938,33998400,61.99214553833008
2002,9,10,91.14,91.78,90.56,91.69999694824219,41416600,62.70326232910156
2002,9,11,92.47,93.33,91.1,91.12999725341797,27711200,62.313507080078125
2002,9,12,90.75,90.84,88.99,89.44999694824219,43601700,61.16473388671875
2002,9,13,88.69,89.9,88.25,89.66999816894531,41131000,61.315162658691406
2002,9,16,89.31,89.89,88.46,89.88999938964844,28167600,61.46560287475586
2002,9,17,90.89,91.19,87.75,87.83000183105469,47609700,60.0570068359375
2002,9,18,87.01,88.5,86.28,86.94999694824219,54719400,59.45527648925781
2002,9,19,85.99,86.8,84.7,84.69999694824219,48510500,57.91676330566406
2002,9,20,84.92,85.2,84.05,84.3499984741211,46325600,57.93599319458008
2002,9,23,83.65,84.06,82.69,83.66000366210938,46893800,57.462066650390625
2002,9,24,82.44,83.65,81.85,82.30999755859375,69507000,56.534828186035156
2002,9,25,83.37,84.77,82.04,84.3499984741211,59294400,57.93599319458008
2002,9,26,85.02,85.97,84.45,85.7300033569336,53638000,58.883853912353516
2002,9,27,85.0,85.63,82.75,82.75,64648300,56.8370361328125
2002,9,30,82.0,82.8,80.9,81.79000091552734,73096400,56.17766189575195
2002,10,1,82.43,85.77,81.47,85.72000122070312,67198100,58.87697219848633
2002,10,2,84.69,85.53,82.6,83.1500015258789,56749100,57.111751556396484
2002,10,3,83.14,84.6,81.95,82.30999755859375,55547000,56.534828186035156
2002,10,4,82.8,82.92,79.58,80.80000305175781,68483700,55.4976692199707
2002,10,7,80.06,81.2,78.55,79.12999725341797,53188000,54.35062789916992
2002,10,8,79.81,81.31,78.2,80.37000274658203,79531000,55.202301025390625
2002,10,9,79.09,79.7,77.78,78.0999984741211,79956400,53.643184661865234
2002,10,10,77.94,81.07,77.07,80.62999725341797,76749000,55.38090133666992
2002,10,11,82.1,84.73,81.82,84.16000366210938,82308300,57.80549621582031
2002,10,14,83.2,84.85,83.04,84.62999725341797,40631900,58.1283073425293
2002,10,15,86.99,88.72,86.85,88.69999694824219,82320300,60.92380905151367
2002,10,16,87.41,87.8,85.92,86.55000305175781,62977800,59.44705581665039
2002,10,17,88.87,89.3,87.85,88.2699966430664,68534100,60.62845993041992
2002,10,18,87.65,89.11,86.93,88.63999938964844,47448700,60.88261032104492
2002,10,21,88.12,90.5,87.57,90.16999816894531,45859100,61.933467864990234
2002,10,22,89.05,90.01,88.52,89.5199966430664,40966800,61.48702621459961
2002,10,23,88.77,90.27,87.68,90.19999694824219,54905800,61.954063415527344
2002,10,24,90.75,90.9,88.1,88.36000061035156,54987400,60.69024658203125
2002,10,25,88.21,90.39,87.94,90.19999694824219,43672100,61.954063415527344
2002,10,28,91.15,91.29,88.85,89.61000061035156,39416100,61.54878616333008
2002,10,29,89.08,89.49,87.0,88.56999969482422,59508200,60.83451461791992
2002,10,30,88.68,89.96,88.23,89.43000030517578,41688600,61.42518997192383
2002,10,31,89.66,90.3,88.19,88.5199966430664,41620600,60.800140380859375
2002,11,1,88.35,90.82,88.05,90.2699966430664,51878900,62.00212860107422
2002,11,4,91.8,92.94,90.9,91.12999725341797,49080600,62.59283447265625
2002,11,5,90.84,92.07,90.84,91.8499984741211,37270800,63.087371826171875
2002,11,6,92.48,93.07,90.79,93.04000091552734,65013100,63.90476608276367
2002,11,7,92.02,92.22,90.22,90.76000213623047,51572000,62.33872604370117
2002,11,8,90.53,91.57,89.52,89.6500015258789,37905400,61.576297760009766
2002,11,11,89.51,89.56,87.8,88.26000213623047,33505100,60.62161636352539
2002,11,12,88.66,89.93,88.37,88.95999908447266,37724500,61.10236358642578
2002,11,13,88.32,89.74,87.45,89.05000305175781,63891500,61.16421127319336
2002,11,14,90.07,91.0,89.75,90.7300033569336,31896800,62.31809997558594
2002,11,15,90.0,91.55,89.95,91.4000015258789,39152100,62.77829360961914
2002,11,18,92.15,92.15,90.35,90.4800033569336,28934800,62.146400451660156
2002,11,19,90.02,91.1,89.76,90.36000061035156,32806600,62.0639762878418
2002,11,20,89.98,92.42,89.95,92.37000274658203,36688400,63.44456100463867
2002,11,21,92.6,94.19,92.43,94.08999633789062,55128200,64.62592315673828
2002,11,22,93.48,94.27,93.27,93.41999816894531,32513800,64.16572570800781
2002,11,25,93.43,94.26,92.77,93.4800033569336,33846400,64.20696258544922
2002,11,26,93.07,93.45,91.62,91.69999694824219,42284700,62.9843635559082
2002,11,27,92.52,94.65,92.43,94.27999877929688,37764000,64.7564468383789
2002,11,29,94.8,94.95,93.77,93.9800033569336,19385700,64.55036926269531
2002,12,2,95.47,96.05,93.22,94.12999725341797,49911900,64.65343475341797
2002,12,3,93.25,93.4,92.35,92.87000274658203,34407700,63.78797912597656
2002,12,4,91.77,93.14,91.43,92.44999694824219,64040800,63.49947738647461
2002,12,5,92.73,92.8,91.1,91.43000030517578,36724900,62.798919677734375
2002,12,6,90.12,92.17,89.98,92.02999877929688,49824100,63.211002349853516
2002,12,9,91.07,91.46,89.48,89.5,36789600,61.473289489746094
2002,12,10,90.02,91.1,89.76,90.69999694824219,33319900,62.29751205444336
2002,12,11,90.42,91.62,90.16,90.77999877929688,39201000,62.35244369506836
2002,12,12,91.2,91.49,90.2,90.7699966430664,34465600,62.345584869384766
2002,12,13,89.91,90.48,89.27,89.33999633789062,36862200,61.363338470458984
2002,12,16,89.82,91.79,89.66,91.6500015258789,37098400,62.950042724609375
2002,12,17,91.37,91.74,90.74,90.8499984741211,32353900,62.40053176879883
2002,12,18,90.32,90.4,89.33,89.80000305175781,35612600,61.6793098449707
2002,12,19,89.35,90.7,88.6,89.16000366210938,39264200,61.23973083496094
2002,12,20,89.2,90.02,89.1,89.98999786376953,31176900,62.11359786987305
2002,12,23,89.59,90.47,89.31,90.0199966430664,22599300,62.13428497314453
2002,12,24,89.59,89.86,89.25,89.3499984741211,10937000,61.671836853027344
2002,12,26,89.7,90.61,88.84,89.38999938964844,17485600,61.699462890625
2002,12,27,88.96,89.29,87.38,87.37999725341797,22205700,60.31208038330078
2002,12,30,87.79,88.47,87.22,88.11000061035156,29968000,60.81593322753906
2002,12,31,87.99,88.43,87.11,88.2300033569336,34036600,60.89876174926758
2003,1,2,88.85,91.3,88.54,91.06999969482422,44516300,62.8590202331543
2003,1,3,90.91,91.38,90.5,91.3499984741211,32222600,63.05226516723633
2003,1,6,91.24,93.49,91.17,92.95999908447266,40984500,64.16354370117188
2003,1,7,92.9,93.37,92.2,92.7300033569336,38640400,64.00480651855469
2003,1,8,92.2,92.4,91.05,91.38999938964844,38702200,63.079925537109375
2003,1,9,91.82,93.18,91.41,92.80999755859375,34804900,64.06002044677734
2003,1,10,91.95,93.64,91.8,93.05999755859375,37768900,64.23258209228516
2003,1,13,93.54,93.86,92.44,93.02999877929688,31649900,64.21189880371094
2003,1,14,92.69,93.83,92.41,93.33000183105469,30733000,64.41891479492188
2003,1,15,93.54,93.57,91.91,92.4000015258789,33511800,63.777015686035156
2003,1,16,92.5,92.93,91.45,92.0199966430664,44812100,63.51473617553711
2003,1,17,90.99,92.3,90.15,90.66000366210938,35618300,62.576019287109375
2003,1,21,90.87,90.92,88.95,89.25,36826200,61.60281753540039
2003,1,22,88.77,89.8,88.0,88.16999816894531,42286500,60.857364654541016
2003,1,23,88.75,89.38,87.95,88.70999908447266,55919800,61.2301025390625
2003,1,24,88.59,88.68,86.17,86.37999725341797,68633900,59.621856689453125
2003,1,27,85.73,86.8,84.5,85.19999694824219,57884400,58.80738067626953
2003,1,28,85.63,86.4,85.13,85.83000183105469,46929100,59.24221420288086
2003,1,29,85.42,87.18,84.77,86.4800033569336,53712200,59.69087600708008
2003,1,30,86.79,86.88,84.4,84.43000030517578,49845900,58.275882720947266
2003,1,31,84.15,86.21,84.15,86.05999755859375,55317000,59.400978088378906
2003,2,3,86.14,86.81,85.92,86.2300033569336,39696000,59.5183219909668
2003,2,4,85.31,85.75,84.3,85.37999725341797,43633400,58.9316291809082
2003,2,5,85.75,86.54,84.48,84.8499984741211,55270600,58.565773010253906
2003,2,6,84.37,84.89,83.65,84.44999694824219,53638000,58.289703369140625
2003,2,7,84.91,84.99,82.97,83.41999816894531,43165000,57.5787467956543
2003,2,10,83.46,84.13,82.65,84.01000213623047,45455900,57.986026763916016
2003,2,11,84.37,84.88,82.83,83.43000030517578,46861000,57.585670471191406
2003,2,12,83.16,83.62,82.09,82.0999984741211,35873600,56.667694091796875
2003,2,13,82.15,82.66,81.0,82.3499984741211,57934100,56.84022903442383
2003,2,14,82.37,84.2,81.82,84.1500015258789,59580900,58.08268737792969
2003,2,18,84.53,85.8,84.39,85.62999725341797,39492700,59.10416793823242
2003,2,19,85.32,85.47,84.28,85.18000030517578,31432000,58.7935905456543
2003,2,20,85.21,85.42,84.05,84.33000183105469,29280100,58.2068977355957
2003,2,21,84.38,85.74,83.46,85.18000030517578,60955800,58.7935905456543
2003,2,24,84.93,85.0,83.59,83.80000305175781,30628600,57.84107208251953
2003,2,25,82.95,84.49,82.22,84.47000122070312,56770600,58.30353546142578
2003,2,26,84.02,84.53,83.08,83.23999786376953,37787200,57.454551696777344
2003,2,27,83.7,84.75,83.16,84.33999633789062,51126000,58.21379470825195
2003,2,28,84.47,85.23,84.16,84.9000015258789,43666800,58.60032653808594
2003,3,3,85.26,85.78,83.72,84.08999633789062,42923100,58.041229248046875
2003,3,4,83.95,84.01,82.65,82.75,31440500,57.1163444519043
2003,3,5,82.61,83.54,82.36,83.44999694824219,43974700,57.59947967529297
2003,3,6,82.87,83.52,82.47,82.75,41217700,57.1163444519043
2003,3,7,81.61,83.99,81.43,83.31999969482422,63538000,57.50975799560547
2003,3,10,82.6,82.86,81.1,81.31999969482422,41014100,56.129302978515625
2003,3,11,81.48,82.0,80.48,80.5199966430664,48102700,55.577110290527344
2003,3,12,80.38,81.1,79.38,81.05999755859375,62459800,55.94982147216797
2003,3,13,82.18,83.91,81.53,83.86000061035156,72117800,57.88248062133789
2003,3,14,84.2,84.77,83.35,84.12999725341797,63951800,58.06882095336914
2003,3,17,83.46,86.95,83.22,86.77999877929688,88217500,59.897945404052734
2003,3,18,87.15,87.35,86.28,87.29000091552734,50792300,60.249942779541016
2003,3,19,87.28,88.16,86.68,87.95999908447266,49630800,60.71240234375
2003,3,20,87.33,88.59,86.35,88.1500015258789,67321600,60.843544006347656
2003,3,21,88.8,89.88,87.93,89.66999816894531,71165300,62.142242431640625
2003,3,24,88.02,88.14,86.35,86.69000244140625,65398900,60.07707977294922
2003,3,25,86.74,88.26,86.44,87.5199966430664,61040100,60.652278900146484
2003,3,26,87.56,87.85,86.8,87.08000183105469,45740800,60.34736251831055
2003,3,27,86.4,87.66,85.99,87.1500015258789,53120200,60.39588165283203
2003,3,28,86.47,87.28,86.25,86.70999908447266,32583000,60.090938568115234
2003,3,31,85.35,86.59,84.4,84.73999786376953,61119500,58.7257080078125
2003,4,1,85.25,86.39,84.91,86.04000091552734,53574000,59.62663650512695
2003,4,2,87.54,88.77,87.5,88.12000274658203,50431200,61.06806945800781
2003,4,3,88.87,88.99,87.65,87.69999694824219,48755500,60.77701187133789
2003,4,4,88.43,88.59,87.62,88.22000122070312,36250100,61.137413024902344
2003,4,7,90.34,90.85,87.97,88.05000305175781,69776200,61.01959228515625
2003,4,8,88.3,88.65,87.71,88.19000244140625,39712700,61.116607666015625
2003,4,9,88.36,89.1,86.77,87.02999877929688,55647300,60.31270980834961
2003,4,10,87.09,87.63,85.71,87.51000213623047,41812400,60.645347595214844
2003,4,11,88.16,88.7,86.86,87.1500015258789,47730100,60.39588165283203
2003,4,14,87.47,89.0,87.0,88.94999694824219,36711700,61.64329147338867
2003,4,15,88.84,89.78,88.42,89.77999877929688,49709800,62.21848678588867
2003,4,16,89.91,90.06,88.03,88.25,51788000,61.158180236816406
2003,4,17,88.3,89.72,88.19,89.55999755859375,37403100,62.066017150878906
2003,4,21,89.86,90.16,89.06,89.6500015258789,32052700,62.12839889526367
2003,4,22,89.1,91.56,88.89,91.33999633789062,59763600,63.29959487915039
2003,4,23,91.62,92.35,91.24,92.18000030517578,44227100,63.8817138671875
2003,4,24,91.53,92.08,90.96,91.36000061035156,49692400,63.31345748901367
2003,4,25,91.3,91.47,90.02,90.2300033569336,43917200,62.530338287353516
2003,4,28,90.44,92.19,90.3,91.79000091552734,46432900,63.61145782470703
2003,4,29,92.14,92.8,91.4,92.11000061035156,52017100,63.8332405090332
2003,4,30,91.91,92.57,91.41,91.91000366210938,48709100,63.694602966308594
2003,5,1,91.92,92.73,90.5,91.9000015258789,50240400,63.68766403198242
2003,5,2,91.56,93.47,91.49,93.20999908447266,50201500,64.59554290771484
2003,5,5,93.47,93.78,92.5,93.02999877929688,35437800,64.4708023071289
2003,5,6,93.04,94.38,93.0,93.91000366210938,44401000,65.0805892944336
2003,5,7,93.42,94.14,92.97,93.38999938964844,41413100,64.72027587890625
2003,5,8,92.52,93.33,92.28,92.44999694824219,40570700,64.06881713867188
2003,5,9,92.83,93.8,92.61,93.7300033569336,33608100,64.95590209960938
2003,5,12,93.5,95.12,93.28,94.87999725341797,35662300,65.75285339355469
2003,5,13,94.53,95.18,94.26,94.70999908447266,39253600,65.6350326538086
2003,5,14,95.09,95.24,93.91,94.51000213623047,32195100,65.49641418457031
2003,5,15,94.89,95.33,94.25,95.11000061035156,43879200,65.91222381591797
2003,5,16,94.89,95.45,94.26,94.87000274658203,38905000,65.74591064453125
2003,5,19,94.15,94.42,92.33,92.6500015258789,41606000,64.2074203491211
2003,5,20,92.82,93.03,91.59,92.45999908447266,55404600,64.07577514648438
2003,5,21,92.11,92.88,91.91,92.6500015258789,49333800,64.2074203491211
2003,5,22,92.95,94.05,92.68,93.56999969482422,38421800,64.84500122070312
2003,5,23,93.53,93.98,93.14,93.76000213623047,26155900,64.9766616821289
2003,5,27,93.3,95.84,93.07,95.4000015258789,43719200,66.11322784423828
2003,5,28,95.85,96.47,95.43,95.66999816894531,37727100,66.30032348632812
2003,5,29,95.88,96.82,95.08,95.41999816894531,50844200,66.12708282470703
2003,5,30,95.9,97.09,95.56,96.94999694824219,52529500,67.1873550415039
2003,6,2,97.53,98.45,96.67,97.3499984741211,50305500,67.4645767211914
2003,6,3,97.15,97.84,96.85,97.75,38254500,67.74176788330078
2003,6,4,97.66,99.35,97.57,99.16000366210938,49360700,68.71893310546875
2003,6,5,98.58,99.65,98.27,99.6500015258789,46262400,69.05851745605469
2003,6,6,100.4,101.4,99.13,99.26000213623047,60356800,68.78820037841797
2003,6,9,98.77,99.1,97.77,98.25,37808500,68.08827209472656
2003,6,10,98.46,99.26,98.19,99.25,29965900,68.78131866455078
2003,6,11,99.16,100.39,98.71,100.30000305175781,37610200,69.50892639160156
2003,6,12,100.75,100.9,99.62,100.61000061035156,36442000,69.7237777709961
2003,6,13,100.61,100.75,98.95,99.55999755859375,48628300,68.99614715576172
2003,6,16,99.96,101.7,99.8,101.66000366210938,36326300,70.45144653320312
2003,6,17,102.07,102.18,101.23,101.66000366210938,36801800,70.45144653320312
2003,6,18,101.29,102.14,101.0,101.56999969482422,35521000,70.3890609741211
2003,6,19,101.64,101.73,99.84,100.0199966430664,43551700,69.31490325927734
2003,6,20,100.39,100.5,99.42,99.44000244140625,41545000,69.16191101074219
2003,6,23,99.45,99.66,97.92,98.41999816894531,34237500,68.45248413085938
2003,6,24,98.22,99.09,98.02,98.5199966430664,36213600,68.52205657958984
2003,6,25,98.53,99.44,97.53,97.52999877929688,47743400,67.83345794677734
2003,6,26,97.78,98.98,96.96,98.80000305175781,33477300,68.7167739868164
2003,6,27,98.75,99.19,97.58,97.66000366210938,54208800,67.92390441894531
2003,6,30,98.22,98.67,97.47,97.62999725341797,33349000,67.90303039550781
2003,7,1,97.25,98.85,96.43,98.52999877929688,51322800,68.52899932861328
2003,7,2,98.77,99.79,98.57,99.7699966430664,34662100,69.3914566040039
2003,7,3,99.07,99.85,97.9,98.73999786376953,30792800,68.675048828125
2003,7,7,99.65,100.9,99.65,100.69999694824219,31391100,70.0382080078125
2003,7,8,100.5,101.29,100.17,101.1500015258789,30952500,70.35124206542969
2003,7,9,100.92,101.4,100.03,100.58000183105469,36528500,69.95479583740234
2003,7,10,99.84,100.04,98.63,99.30000305175781,49777700,69.06454467773438
2003,7,11,99.39,100.45,99.39,100.23999786376953,39976300,69.71829223632812
2003,7,14,101.2,101.9,100.45,100.7300033569336,42114900,70.05914306640625
2003,7,15,101.38,101.46,99.95,100.51000213623047,42573600,69.90613555908203
2003,7,16,100.81,100.87,99.23,99.91999816894531,39894200,69.49576568603516
2003,7,17,99.15,99.88,98.16,98.5,52253500,68.50812530517578
2003,7,18,99.02,99.8,98.46,99.51000213623047,35698100,69.21057891845703
2003,7,21,99.45,99.49,97.85,98.27999877929688,34786000,68.3551025390625
2003,7,22,98.69,99.41,97.92,99.16999816894531,49968300,68.9740982055664
2003,7,23,99.21,99.45,98.28,99.23999786376953,37275400,69.02283477783203
2003,7,24,99.99,100.34,98.37,98.48999786376953,40896200,68.5011978149414
2003,7,25,98.66,100.29,98.04,100.2300033569336,43241100,69.71135711669922
2003,7,28,100.37,100.98,99.67,99.86000061035156,34382800,69.45401000976562
2003,7,29,100.14,100.26,98.68,99.4000015258789,53472100,69.13409423828125
2003,7,30,99.6,99.75,98.93,99.16000366210938,28363300,68.9671630859375
2003,7,31,99.98,100.91,99.17,99.38999938964844,54937200,69.12715911865234
2003,8,1,99.19,99.53,98.24,98.51000213623047,49321000,68.51507568359375
2003,8,4,98.31,99.0,97.0,98.51000213623047,55214100,68.51507568359375
2003,8,5,98.41,98.76,96.34,96.41999816894531,61415600,67.06141662597656
2003,8,6,96.69,98.06,96.42,96.9800033569336,50096900,67.45094299316406
2003,8,7,97.17,98.07,96.76,98.0,43427400,68.1603775024414
2003,8,8,98.32,98.55,97.76,98.27999877929688,27357300,68.3551025390625
2003,8,11,98.26,99.04,97.84,98.6500015258789,34631400,68.6124267578125
2003,8,12,98.71,99.59,98.42,99.55000305175781,43285600,69.23841094970703
2003,8,13,99.82,99.85,98.53,99.04000091552734,36152000,68.88368225097656
2003,8,14,99.1,99.75,98.45,99.30999755859375,35525100,69.07146453857422
2003,8,15,99.36,99.79,99.12,99.62000274658203,12567000,69.28707885742188
2003,8,18,99.93,100.6,99.74,100.4800033569336,22873800,69.88525390625
2003,8,19,100.69,100.94,100.0,100.86000061035156,37437700,70.14952850341797
2003,8,20,100.29,100.89,100.16,100.44999694824219,21295300,69.86438751220703
2003,8,21,101.05,101.52,100.4,100.7699966430664,46494200,70.0869140625
2003,8,22,101.75,101.82,99.73,99.7699966430664,52040300,69.3914566040039
2003,8,25,99.71,100.83,99.28,99.93000030517578,23473000,69.5027084350586
2003,8,26,99.5,100.39,98.83,100.11000061035156,45065800,69.62789916992188
2003,8,27,100.05,100.36,99.57,100.13999938964844,18919500,69.64879608154297
2003,8,28,100.4,101.0,99.66,100.76000213623047,27402400,70.08000183105469
2003,8,29,100.61,101.48,100.48,101.44000244140625,28706600,70.55294036865234
2003,9,2,101.64,102.88,101.05,102.80000305175781,49419100,71.49879455566406
2003,9,3,103.03,103.7,102.78,103.36000061035156,44912400,71.88829803466797
2003,9,4,103.1,103.55,102.76,103.41000366210938,28381000,71.92310333251953
2003,9,5,102.94,103.55,102.4,102.83000183105469,31637300,71.51966857910156
2003,9,8,103.04,103.88,102.93,103.68000030517578,32632800,72.11090087890625
2003,9,9,103.37,103.46,102.68,103.0,35053200,71.6379165649414
2003,9,10,102.53,102.8,101.55,101.95999908447266,45904900,70.91458129882812
2003,9,11,102.1,102.76,101.84,102.26000213623047,38396300,71.1232681274414
2003,9,12,101.91,102.64,101.35,102.44999694824219,42524800,71.25540924072266
2003,9,15,102.52,102.63,101.95,102.08999633789062,21312800,71.00499725341797
2003,9,16,102.23,103.64,102.17,103.58000183105469,37892600,72.04132843017578
2003,9,17,103.48,103.79,103.05,103.37999725341797,31885800,71.9022445678711
2003,9,18,103.4,104.7,103.17,104.5999984741211,30243600,72.7507553100586
2003,9,19,104.27,104.6,103.4,103.66999816894531,34331600,72.38069152832031
2003,9,22,102.85,102.96,102.03,102.55000305175781,36677400,71.59874725341797
2003,9,23,102.59,103.29,102.36,102.94000244140625,32489200,71.87103271484375
2003,9,24,103.12,103.22,101.07,101.11000061035156,41694700,70.5933609008789
2003,9,25,101.41,101.88,100.2,100.27999877929688,52673100,70.01387786865234
2003,9,26,100.44,100.66,99.85,99.94999694824219,42914700,69.783447265625
2003,9,29,100.3,100.99,99.79,100.93000030517578,36771600,70.4676513671875
2003,9,30,100.48,100.76,99.25,99.94999694824219,70764500,69.783447265625
2003,10,1,100.24,102.18,100.2,102.08000183105469,65797600,71.27061462402344
2003,10,2,101.93,102.56,101.63,102.44999694824219,44591500,71.52896118164062
2003,10,3,103.67,104.28,103.08,103.38999938964844,48806900,72.18521118164062
2003,10,6,103.48,103.99,103.2,103.86000061035156,20226500,72.51337432861328
2003,10,7,103.26,104.31,102.91,104.26000213623047,42602900,72.79267883300781
2003,10,8,104.33,104.39,103.41,104.0,30920800,72.61111450195312
2003,10,9,104.88,105.22,103.83,104.27999877929688,40066500,72.80663299560547
2003,10,10,104.27,104.6,103.91,104.56999969482422,22682800,73.00908660888672
2003,10,13,104.71,105.29,104.51,104.9000015258789,23825600,73.23946380615234
2003,10,14,104.8,105.43,104.36,105.2699966430664,38484400,73.497802734375
2003,10,15,105.86,105.89,104.64,104.98999786376953,39021700,73.30232238769531
2003,10,16,104.68,105.73,104.65,105.41000366210938,32772200,73.59554290771484
2003,10,17,105.47,105.63,103.98,104.26000213623047,32790300,72.79267883300781
2003,10,20,104.45,105.04,103.94,105.04000091552734,27657000,73.33724212646484
2003,10,21,104.82,105.28,104.32,104.86000061035156,26729100,73.21154022216797
2003,10,22,104.03,104.19,103.19,103.54000091552734,33914500,72.28994750976562
2003,10,23,102.89,103.95,102.84,103.3499984741211,45830500,72.15731048583984
2003,10,24,102.83,103.58,102.18,103.58000183105469,51723600,72.31787109375
2003,10,27,103.74,104.18,103.27,103.62999725341797,32460200,72.352783203125
2003,10,28,103.98,105.15,103.82,105.04000091552734,34956200,73.33724212646484
2003,10,29,104.77,105.43,103.87,105.18000030517578,30955400,73.43497467041016
2003,10,30,105.79,105.97,104.8,105.4000015258789,39123100,73.58857727050781
2003,10,31,105.4,105.74,105.22,105.30000305175781,25761600,73.51876068115234
2003,11,3,105.75,106.61,105.71,105.98999786376953,37589300,74.00051879882812
2003,11,4,105.99,106.27,105.58,105.76000213623047,31421600,73.83991241455078
2003,11,5,105.49,105.97,104.9,105.83999633789062,33558800,73.89576721191406
2003,11,6,105.6,106.44,105.1,106.4000015258789,28392300,74.28675079345703
2003,11,7,106.64,106.72,105.57,105.61000061035156,31723200,73.73521423339844
2003,11,10,105.74,105.84,105.01,105.18000030517578,25530800,73.43497467041016
2003,11,11,105.09,105.33,104.8,105.1500015258789,26558600,73.41401672363281
2003,11,12,105.23,106.47,105.16,106.33000183105469,28000000,74.2378921508789
2003,11,13,106.01,106.54,105.78,106.36000061035156,29714800,74.25885009765625
2003,11,14,106.4,106.95,105.29,105.45999908447266,49158500,73.63048553466797
2003,11,17,104.91,105.14,104.04,104.93000030517578,44382100,73.26043701171875
2003,11,18,105.24,105.45,103.7,103.83999633789062,41155000,72.4994125366211
2003,11,19,104.03,105.01,103.92,104.72000122070312,29827000,73.11382293701172
2003,11,20,104.0,105.24,103.75,103.77999877929688,53578700,72.45750427246094
2003,11,21,104.24,104.33,103.62,104.20999908447266,30016000,72.75775909423828
2003,11,24,104.69,105.78,104.68,105.58999633789062,28906400,73.72122955322266
2003,11,25,105.73,106.42,105.45,105.98999786376953,37580000,74.00051879882812
2003,11,26,106.42,106.45,105.39,106.37000274658203,33053600,74.2658462524414
2003,11,28,106.28,106.66,106.2,106.44999694824219,10507500,74.3216781616211
2003,12,1,106.85,107.68,106.8,107.5999984741211,38699000,75.12460327148438
2003,12,2,107.38,107.77,107.07,107.33000183105469,35352000,74.93607330322266
2003,12,3,107.65,108.08,107.07,107.16000366210938,39078600,74.8173599243164
2003,12,4,107.17,107.72,106.94,107.5999984741211,36089500,75.12460327148438
2003,12,5,107.12,107.8,106.62,106.8499984741211,28824400,74.6009292602539
2003,12,8,106.74,107.64,106.68,107.56999969482422,32482900,75.10367584228516
2003,12,9,107.9,107.93,106.54,106.73999786376953,43596100,74.5241470336914
2003,12,10,106.77,106.98,105.96,106.7300033569336,36915400,74.51717376708984
2003,12,11,106.68,108.1,106.67,107.93000030517578,45304000,75.35498046875
2003,12,12,107.97,108.2,107.39,108.13999938964844,34142200,75.50160217285156
2003,12,15,109.17,109.23,107.48,107.5999984741211,38693400,75.12460327148438
2003,12,16,107.68,108.5,107.52,108.16000366210938,32894200,75.51556396484375
2003,12,17,108.06,108.5,107.8,108.5,23198800,75.7529525756836
2003,12,18,108.55,109.73,108.39,109.72000122070312,29353100,76.6047134399414
2003,12,19,109.3,109.37,108.58,108.9000015258789,41465100,76.39147186279297
2003,12,22,108.79,109.66,108.78,109.66000366210938,27611300,76.92462921142578
2003,12,23,109.48,109.95,109.38,109.7300033569336,24741200,76.97369384765625
2003,12,24,109.52,109.88,109.43,109.62000274658203,8055800,76.89654541015625
2003,12,26,109.71,110.08,109.63,109.69999694824219,8308400,76.95268249511719
2003,12,29,110.1,111.27,109.78,111.16000366210938,22483700,77.97681427001953
2003,12,30,111.09,111.27,110.85,111.18000030517578,19559500,77.99085998535156
2003,12,31,111.22,111.52,110.84,111.27999877929688,31501800,78.06098175048828
2004,1,2,111.74,112.19,110.73,111.2300033569336,38072300,78.02593231201172
2004,1,5,111.69,112.52,111.59,112.44000244140625,27959800,78.87476348876953
2004,1,6,112.16,112.73,112.0,112.55000305175781,20472800,78.95191192626953
2004,1,7,112.39,113.06,111.89,112.93000030517578,30170400,79.21845245361328
2004,1,8,113.25,113.41,112.77,113.37999725341797,36438400,79.53411865234375
2004,1,9,112.83,113.5,112.27,112.38999938964844,54084300,78.83966064453125
2004,1,12,112.55,113.25,112.36,113.22000122070312,31564100,79.42188262939453
2004,1,13,113.09,113.23,111.76,112.55999755859375,54239700,78.95890808105469
2004,1,14,112.76,113.66,112.67,113.5,30112800,79.61833190917969
2004,1,15,113.57,114.06,112.58,113.77999877929688,38408700,79.8147201538086
2004,1,16,114.04,114.31,113.63,114.2300033569336,31922700,80.13038635253906
2004,1,20,114.53,114.65,113.82,114.19999694824219,29863000,80.10934448242188
2004,1,21,114.13,115.3,113.72,115.0999984741211,30725000,80.74065399169922
2004,1,22,115.14,115.38,114.58,114.80000305175781,29888500,80.53022766113281
2004,1,23,115.0,115.37,113.95,114.43000030517578,44245300,80.27068328857422
2004,1,26,114.39,115.93,114.38,115.87000274658203,30460600,81.28083801269531
2004,1,27,115.75,116.5,114.65,114.68000030517578,35322800,80.446044921875
2004,1,28,114.98,115.28,112.94,113.37000274658203,52621300,79.52713012695312
2004,1,29,113.56,113.85,112.56,113.4800033569336,60117100,79.60429382324219
2004,1,30,113.52,113.72,113.09,113.4800033569336,30984400,79.60429382324219
2004,2,2,113.7,114.68,113.12,113.97000122070312,38832400,79.94801330566406
2004,2,3,113.74,114.14,113.44,113.77999877929688,25093500,79.8147201538086
2004,2,4,113.19,113.73,112.79,112.8499984741211,39332600,79.16233825683594
2004,2,5,113.17,113.54,112.78,113.18000030517578,37226800,79.3938217163086
2004,2,6,113.42,114.7,113.2,114.44999694824219,37216000,80.28469848632812
2004,2,9,114.67,114.87,114.29,114.4800033569336,24851300,80.30572509765625
2004,2,10,114.28,115.14,114.26,114.8499984741211,27908100,80.5653076171875
2004,2,11,114.85,116.39,114.17,116.06999969482422,42965700,81.42111206054688
2004,2,12,115.97,116.27,115.58,115.6500015258789,27814700,81.12650299072266
2004,2,13,115.82,116.2,114.75,115.12999725341797,44739900,80.76171875
2004,2,17,115.85,116.43,115.77,116.16999816894531,23984300,81.49124908447266
2004,2,18,116.2,116.6,115.35,115.66000366210938,28618000,81.13347625732422
2004,2,19,116.33,116.39,115.06,115.2300033569336,51146200,80.83184814453125
2004,2,20,115.48,115.56,114.32,114.87999725341797,46728800,80.58636474609375
2004,2,23,115.22,115.26,114.17,114.58999633789062,36357000,80.38289642333984
2004,2,24,114.27,114.99,113.03,114.38999938964844,43953000,80.24260711669922
2004,2,25,114.46,115.06,114.32,114.87000274658203,31213600,80.57935333251953
2004,2,26,114.61,115.29,114.34,114.94000244140625,29683000,80.62845611572266
2004,2,27,115.19,115.74,114.63,115.0199966430664,39312000,80.68453979492188
2004,3,1,115.43,116.34,115.25,116.16000366210938,33130800,81.48421478271484
2004,3,2,115.94,116.97,115.23,115.4800033569336,38556400,81.00723266601562
2004,3,3,115.25,115.87,114.92,115.69000244140625,31346200,81.15453338623047
2004,3,4,115.72,116.1,115.52,115.98999786376953,21060000,81.36499786376953
2004,3,5,115.42,116.95,115.28,116.37999725341797,55905600,81.63859558105469
2004,3,8,116.34,116.62,114.91,114.95999908447266,39281600,80.6424789428711
2004,3,9,115.1,115.21,114.24,114.5,39746100,80.31977844238281
2004,3,10,114.72,114.77,112.56,112.58000183105469,67671800,78.9729232788086
2004,3,11,112.4,113.27,111.1,111.12000274658203,89134800,77.94873809814453
2004,3,12,111.73,112.71,111.58,112.58000183105469,54012200,78.9729232788086
2004,3,15,112.27,112.35,110.9,111.19999694824219,57677200,78.00487518310547
2004,3,16,111.78,112.06,110.84,111.79000091552734,59832600,78.41877746582031
2004,3,17,112.18,113.26,112.1,113.04000091552734,41607300,79.29564666748047
2004,3,18,112.7,113.27,111.93,113.06999969482422,60014300,79.31666564941406
2004,3,19,112.41,112.57,111.04,111.05999755859375,48636200,78.17980194091797
2004,3,22,110.54,110.57,109.1,109.6500015258789,62752100,77.18724822998047
2004,3,23,110.25,110.4,109.36,109.45999908447266,54080200,77.05348205566406
2004,3,24,109.58,110.14,108.85,109.55000305175781,51584300,77.11685180664062
2004,3,25,110.08,111.3,109.79,111.0,49873600,78.13755798339844
2004,3,26,110.96,111.79,110.8,111.02999877929688,37409500,78.1586685180664
2004,3,29,111.63,112.74,111.58,112.58999633789062,44113600,79.25682830810547
2004,3,30,112.3,113.07,112.22,112.97000122070312,39059900,79.52432250976562
